{"rmse": 9.940728563653309, "mape": 60.11100927885735, "rmsse": 0.8176744723211766}